timestamp_s,power_mw,sm_clock_mhz
1776364527.976,55134,585
1776364528.079,55134,585
1776364528.182,163421,585
1776364528.285,161610,585
1776364528.388,161776,585
1776364528.491,160946,585
1776364528.596,161274,585
1776364528.698,149778,585
1776364528.801,144456,585
1776364528.904,147478,585
1776364529.007,142126,585
1776364529.110,137562,585
1776364529.212,139375,585
1776364529.315,142590,585
1776364529.419,141853,585
1776364529.522,139711,585
1776364529.625,139711,585
1776364529.728,139711,585
1776364529.833,139711,585
1776364529.936,140313,585
1776364530.039,141981,585
1776364530.144,141196,585
1776364530.247,139375,585
1776364530.349,139711,585
1776364530.452,140586,585
1776364530.555,139375,585
1776364530.657,139985,585
1776364530.760,138773,585
1776364530.863,142736,585
1776364530.966,141853,585
1776364531.069,141196,585
1776364531.172,140586,585
1776364531.275,139985,585
1776364531.377,139047,585
1776364531.480,139711,585
1776364531.583,139985,585
1776364531.686,139047,585
1776364531.788,141524,585
1776364531.891,141524,585
1776364531.995,139985,585
1776364532.098,141524,585
1776364532.203,140313,585
1776364532.306,139375,585
1776364532.409,140586,585
1776364532.512,139711,585
1776364532.614,141853,585
1776364532.717,141853,585
1776364532.820,140313,585
1776364532.923,140586,585
1776364533.025,140586,585
1776364533.128,139711,585
1776364533.231,139985,585
1776364533.333,140313,585
1776364533.436,142126,585
1776364533.539,141853,585
1776364533.642,140922,585
1776364533.747,139711,585
1776364533.850,140586,585
1776364533.953,140586,585
1776364534.056,139985,585
1776364534.159,139985,585
1776364534.261,139047,585
1776364534.364,141853,585
1776364534.469,140313,585
1776364534.572,139985,585
1776364534.674,139985,585
1776364534.777,139047,585
1776364534.880,139711,585
1776364534.982,139047,585
1776364535.085,140586,585
1776364535.188,142126,585
1776364535.290,140922,585
1776364535.393,139375,585
1776364535.498,140313,585
1776364535.600,139375,585
1776364535.703,139711,585
1776364535.806,139985,585
1776364535.909,140922,585
1776364536.011,140922,585
1776364536.114,140586,585
1776364536.217,139711,585
1776364536.320,139985,585
1776364536.424,144604,585
1776364536.529,140456,585
1776364536.632,140730,585
1776364536.734,139854,585
1776364536.837,139854,585
1776364536.940,140730,585
1776364537.042,140456,585
1776364537.145,141067,585
1776364537.249,140128,585
1776364537.352,140456,585
1776364537.454,140456,585
1776364537.557,140456,585
1776364537.660,139854,585
1776364537.762,140730,585
1776364537.865,141067,585
1776364537.968,140730,585
1776364538.071,140456,585
1776364538.174,140730,585
1776364538.277,139189,585
1776364538.380,139518,585
1776364538.482,140128,585
1776364538.585,141998,585
1776364538.688,141669,585
1776364538.791,139518,585
1776364538.895,140128,585
1776364538.998,139854,585
1776364539.100,140128,585
1776364539.204,140600,585
1776364539.306,142608,585
1776364539.409,140600,585
1776364539.512,141211,585
1776364539.614,140271,585
1776364539.717,140874,585
1776364539.820,139057,585
1776364539.923,139997,585
1776364540.026,140600,585
1776364540.129,143968,585
1776364540.231,141485,585
1776364540.334,141341,585
1776364540.437,140874,585
1776364540.540,139331,585
1776364540.642,140271,585
1776364540.745,140600,585
1776364540.848,140874,585
1776364540.952,142754,585
1776364541.058,142143,585
1776364541.161,140874,585
1776364541.263,140600,585
1776364541.366,140874,585
1776364541.469,140874,585
1776364541.572,141211,585
1776364541.675,140271,585
1776364541.777,142143,585
1776364541.880,142754,585
1776364541.983,141485,585
1776364542.085,141211,585
1776364542.188,140874,585
1776364542.291,139660,585
1776364542.394,140271,585
1776364542.496,140271,585
1776364542.599,141485,585
1776364542.703,142143,585
1776364542.805,142417,585
1776364542.908,141485,585
1776364543.011,140874,585
1776364543.113,139660,585
1776364543.216,139997,585
1776364543.319,143631,585
1776364543.422,143028,585
1776364543.525,141814,585
1776364543.629,141485,585
1776364543.731,141211,585
1776364543.834,140600,585
1776364543.937,140874,585
1776364544.040,140271,585
1776364544.142,139331,585
1776364544.245,143357,585
1776364544.348,142754,585
1776364544.451,141814,585
1776364544.554,141211,585
1776364544.657,140874,585
1776364544.760,140874,585
1776364544.862,140600,585
1776364544.965,140874,585
1776364545.068,142754,585
1776364545.170,142143,585
1776364545.273,140600,585
1776364545.376,140600,585
1776364545.483,141485,585
1776364545.585,140874,585
1776364545.688,140874,585
1776364545.791,140600,585
1776364545.894,139331,585
1776364545.996,142143,585
1776364546.099,141341,585
1776364546.202,141341,585
1776364546.305,141067,585
1776364546.408,141067,585
1776364546.510,139518,585
1776364546.613,139854,585
1776364546.716,140730,585
1776364546.818,140128,585
1776364546.921,142272,585
1776364547.023,141341,585
1776364547.126,141067,585
1776364547.230,140456,585
1776364547.333,140730,585
1776364547.435,141341,585
1776364547.538,140128,585
1776364547.641,139518,585
1776364547.744,141341,585
1776364547.847,141669,585
1776364547.950,140730,585
1776364548.053,140730,585
1776364548.156,139854,585
1776364548.259,140456,585
1776364548.361,139854,585
1776364548.464,142272,585
1776364548.567,141669,585
1776364548.669,140730,585
1776364548.772,141067,585
1776364548.875,141067,585
1776364548.978,139854,585
1776364549.081,140730,585
1776364549.184,140586,585
1776364549.287,139985,585
1776364549.389,142736,585
1776364549.492,141853,585
1776364549.595,140586,585
1776364549.697,140586,585
1776364549.800,140586,585
1776364549.903,139711,585
1776364550.012,140922,585
1776364550.115,140313,585
1776364550.217,141981,585
1776364550.320,141052,585
1776364550.423,141379,585
1776364550.525,140442,585
1776364550.628,141052,585
1776364550.732,139568,585
1776364550.835,140169,585
1776364550.938,140442,585
1776364551.040,141052,585
1776364551.143,141196,585
1776364551.246,140922,585
1776364551.348,140586,585
1776364551.451,141052,585
1776364551.554,140169,585
1776364551.659,139232,585
1776364551.761,140922,585
1776364551.864,142126,585
1776364551.967,141853,585
1776364552.069,141524,585
1776364552.172,140922,585
1776364552.275,140586,585
1776364552.378,139711,585
1776364552.480,142126,585
1776364552.583,143064,585
1776364552.687,142126,585
1776364552.790,141196,585
1776364552.893,141196,585
1776364552.995,139841,585
1776364553.098,140169,585
1776364553.202,140586,585
1776364553.305,143338,585
1776364553.408,143338,585
1776364553.511,141196,585
1776364553.615,139985,585
1776364553.718,141196,585
1776364553.821,140313,585
1776364553.923,140313,585
1776364554.026,140922,585
1776364554.129,139375,585
1776364554.231,142126,585
1776364554.334,141707,585
1776364554.437,140922,585
1776364554.547,140586,585
1776364554.650,140313,585
1776364554.753,139375,585
1776364554.855,140586,585
1776364554.958,140313,585
1776364555.061,140922,585
1776364555.163,142462,585
1776364555.266,141707,585
1776364555.370,139841,585
1776364555.473,140778,585
1776364555.576,139375,585
1776364555.678,140313,585
1776364555.781,141196,585
1776364555.884,141379,585
1776364555.987,141524,585
1776364556.089,140313,585
1776364556.193,139711,585
1776364556.297,141524,585
1776364556.400,140586,585
1776364556.503,140313,585
1776364556.606,142316,585
1776364556.709,140778,585
1776364556.812,140778,585
1776364556.915,140586,585
1776364557.017,140313,585
1776364557.120,140313,585
1776364557.223,140778,585
1776364557.325,144877,585
1776364557.428,142462,585
1776364557.531,140586,585
1776364557.633,140922,585
1776364557.736,140313,585
1776364557.839,140586,585
1776364557.941,140586,585
1776364558.044,139375,585
1776364558.147,142918,585
1776364558.250,142126,585
1776364558.354,140313,585
1776364558.456,140313,585
1776364558.559,140586,585
1776364558.662,140313,585
1776364558.764,140922,585
1776364558.867,140922,585
1776364558.970,141853,585
1776364559.073,142126,585
1776364559.182,141196,585
1776364559.285,140922,585
1776364559.387,141853,585
1776364559.490,140313,585
1776364559.593,140586,585
1776364559.695,140586,585
1776364559.798,139985,585
1776364559.901,142462,585
1776364560.005,141853,585
1776364560.108,140922,585
1776364560.210,141524,585
1776364560.313,140922,585
1776364560.416,139375,585
1776364560.519,140313,585
1776364560.621,139711,585
1776364560.724,142462,585
1776364560.828,142126,585
1776364560.931,141853,585
1776364561.034,139711,585
1776364561.137,140313,585
1776364561.240,140586,585
1776364561.343,140586,585
1776364561.445,141524,585
1776364561.548,141524,585
1776364561.651,141196,585
1776364561.754,141853,585
1776364561.857,140922,585
1776364561.960,140313,585
1776364562.062,140586,585
1776364562.165,140586,585
1776364562.267,141524,585
1776364562.370,141196,585
1776364562.473,141196,585
1776364562.575,140313,585
1776364562.678,141196,585
1776364562.782,140922,585
1776364562.885,140586,585
1776364562.988,140922,585
1776364563.090,140313,585
1776364563.193,140922,585
1776364563.296,141853,585
1776364563.398,141196,585
1776364563.506,140586,585
1776364563.609,140730,585
1776364563.711,139854,585
1776364563.814,140456,585
1776364563.917,140456,585
1776364564.019,142608,585
1776364564.122,141998,585
1776364564.225,141669,585
1776364564.327,140456,585
1776364564.430,140128,585
1776364564.534,140456,585
1776364564.636,139518,585
1776364564.739,140128,585
1776364564.842,143484,585
1776364564.945,142608,585
1776364565.047,141998,585
1776364565.150,140730,585
1776364565.253,140730,585
1776364565.356,140128,585
1776364565.460,139854,585
1776364565.562,141341,585
1776364565.665,141669,585
1776364565.769,141067,585
1776364565.872,141669,585
1776364565.974,140456,585
1776364566.077,141067,585
1776364566.180,141067,585
1776364566.283,139189,585
1776364566.386,142882,585
1776364566.489,142272,585
1776364566.591,141067,585
1776364566.694,141669,585
1776364566.797,141067,585
1776364566.899,140456,585
1776364567.002,140730,585
1776364567.105,140128,585
1776364567.208,143357,585
1776364567.311,143028,585
1776364567.414,141814,585
1776364567.517,141211,585
1776364567.619,141211,585
1776364567.722,139997,585
1776364567.825,140600,585
1776364567.930,140600,585
1776364568.033,139518,585
1776364568.136,143210,585
1776364568.239,141998,585
1776364568.342,140271,585
1776364568.445,141485,585
1776364568.547,141211,585
1776364568.650,140271,585
1776364568.753,140271,585
1776364568.855,139997,585
1776364568.959,142754,585
1776364569.062,142417,585
1776364569.164,142143,585
1776364569.267,141211,585
1776364569.370,141211,585
1776364569.473,140271,585
1776364569.575,140271,585
1776364569.678,140874,585
1776364569.781,143968,585
1776364569.884,143028,585
1776364569.988,142143,585
1776364570.090,140874,585
1776364570.193,140874,585
1776364570.296,140874,585
1776364570.399,141485,585
1776364570.502,139331,585
1776364570.604,143028,585
1776364570.707,142754,585
1776364570.810,143357,585
1776364570.913,141485,585
1776364571.016,141485,585
1776364571.119,140600,585
1776364571.221,140874,585
1776364571.324,140271,585
1776364571.427,142417,585
1776364571.530,142143,585
1776364571.633,141211,585
1776364571.736,141211,585
1776364571.840,141485,585
1776364571.943,139997,585
1776364572.046,140271,585
1776364572.148,140128,585
1776364572.251,142608,585
1776364572.356,142608,585
1776364572.460,142272,585
1776364572.564,141067,585
1776364572.667,141067,585
1776364572.769,140128,585
1776364572.872,140456,585
1776364572.975,140128,585
1776364573.077,139854,585
1776364573.180,141998,585
1776364573.283,142462,585
1776364573.386,141067,585
1776364573.490,141196,585
1776364573.592,140313,585
1776364573.695,139711,585
1776364573.798,140586,585
1776364573.901,139711,585
1776364574.004,142736,585
1776364574.107,141853,585
1776364574.209,140586,585
1776364574.312,141196,585
1776364574.415,141524,585
1776364574.518,140586,585
1776364574.621,140586,585
1776364574.724,140313,585
1776364574.827,141853,585
1776364574.929,142126,585
1776364575.032,140313,585
1776364575.135,141524,585
1776364575.238,141524,585
1776364575.341,140313,585
1776364575.443,140922,585
1776364575.546,140313,585
1776364575.649,141707,585
1776364575.751,141707,585
1776364575.854,141196,585
1776364575.957,141052,585
1776364576.059,141196,585
1776364576.162,140169,585
1776364576.265,140922,585
1776364576.368,141196,585
1776364576.471,142462,585
1776364576.573,142316,585
1776364576.676,141853,585
1776364576.779,140313,585
1776364576.884,140169,585
1776364576.987,139985,585
1776364577.090,140922,585
1776364577.193,141196,585
1776364577.295,140586,585
1776364577.398,141524,585
1776364577.501,141196,585
1776364577.603,140922,585
1776364577.706,140922,585
1776364577.809,140442,585
1776364577.911,139711,585
1776364578.014,139841,585
1776364578.118,140586,585
1776364578.221,141853,585
1776364578.323,141853,585
1776364578.426,140922,585
1776364578.529,141196,585
1776364578.631,140586,585
1776364578.734,139711,585
1776364578.837,140586,585
1776364578.940,140586,585
1776364579.044,143674,585
1776364579.147,141853,585
1776364579.249,140169,585
1776364579.352,140442,585
1776364579.455,141524,585
1776364579.557,140442,585
1776364579.660,140922,585
1776364579.762,142126,585
1776364579.865,141524,585
1776364579.970,141524,585
1776364580.072,141196,585
1776364580.175,139711,585
1776364580.277,140313,585
1776364580.380,140313,585
1776364580.483,140169,585
1776364580.585,143191,585
1776364580.688,140586,585
1776364580.791,141524,585
1776364580.894,140922,585
1776364580.996,140169,585
1776364581.099,140313,585
1776364581.202,140313,585
1776364581.304,140586,585
1776364581.407,143064,585
1776364581.513,142462,585
1776364581.616,140922,585
1776364581.719,141524,585
1776364581.822,140313,585
1776364581.924,140586,585
1776364582.027,141196,585
1776364582.130,140922,585
1776364582.232,143064,585
1776364582.335,141853,585
1776364582.438,141196,585
1776364582.548,141196,585
1776364582.652,139375,585
1776364582.754,140586,585
1776364582.857,140313,585
1776364582.960,141196,585
1776364583.062,142736,585
1776364583.165,141524,585
1776364583.268,141524,585
1776364583.372,140586,585
1776364583.475,141196,585
1776364583.577,140586,585
1776364583.680,140586,585
1776364583.782,143338,585
1776364583.885,141853,585
1776364583.988,140586,585
1776364584.090,141196,585
1776364584.193,140922,585
1776364584.297,140586,585
1776364584.400,140586,585
1776364584.502,139985,585
1776364584.605,143064,585
1776364584.708,142736,585
1776364584.810,142462,585
1776364584.913,141196,585
1776364585.016,141196,585
1776364585.119,139375,585
1776364585.223,140586,585
1776364585.326,140586,585
1776364585.428,143064,585
1776364585.531,142736,585
1776364585.637,141196,585
1776364585.740,140922,585
1776364585.842,140922,585
1776364585.945,140586,585
1776364586.048,140586,585
1776364586.151,140922,585
1776364586.253,140586,585
1776364586.356,142736,585
1776364586.459,142736,585
1776364586.562,140313,585
1776364586.664,141196,585
1776364586.767,140922,585
1776364586.870,140922,585
1776364586.974,140313,585
1776364587.077,139985,585
1776364587.179,142462,585
1776364587.282,142126,585
1776364587.385,141524,585
1776364587.487,140313,585
1776364587.590,140922,585
1776364587.693,140922,585
1776364587.796,140313,585
1776364587.900,139711,585
1776364588.003,141853,585
1776364588.105,141998,585
1776364588.208,149931,585
1776364588.311,165298,585
1776364588.413,166182,585
1776364588.516,162544,585
1776364588.661,161002,585
1776364588.764,161941,585
1776364588.870,145636,585
1776364588.973,145362,585
1776364589.076,139854,585
1776364589.178,142608,585
1776364589.281,141998,585
1776364589.384,143484,585
1776364589.486,139189,585
1776364589.589,141669,585
1776364589.692,139518,585
1776364589.795,140456,585
1776364589.898,139518,585
1776364590.000,138313,585
1776364590.103,138915,585
1776364590.206,138915,585
1776364590.308,141341,585
1776364590.411,141067,585
1776364590.514,140730,585
1776364590.617,139854,585
1776364590.721,139057,585
1776364590.824,139057,585
1776364590.927,139660,585
1776364591.029,139660,585
1776364591.132,140730,585
1776364591.235,140874,585
1776364591.337,138454,585
1776364591.440,140271,585
1776364591.543,139660,585
1776364591.646,138117,585
1776364591.748,139331,585
1776364591.851,139660,585
1776364591.954,140600,585
1776364592.056,140600,585
1776364592.159,140600,585
1776364592.262,139331,585
1776364592.364,139660,585
1776364592.467,139057,585
1776364592.572,139331,585
1776364592.674,139057,585
1776364592.777,139331,585
1776364592.883,140874,585
1776364592.986,139997,585
1776364593.089,138454,585
1776364593.191,139057,585
1776364593.294,139660,585
1776364593.397,139057,585
1776364593.500,139331,585
1776364593.603,139057,585
1776364593.706,140271,585
1776364593.809,140874,585
1776364593.912,139660,585
1776364594.015,139997,585
1776364594.118,139057,585
1776364594.222,138454,585
1776364594.325,139997,585
1776364594.428,138728,585
1776364594.530,140600,585
1776364594.633,140600,585
1776364594.736,139997,585
1776364594.839,139518,585
1776364594.941,139189,585
1776364595.046,138587,585
1776364595.149,141067,585
1776364595.252,141998,585
1776364595.354,140730,585
1776364595.457,139854,585
1776364595.560,139854,585
1776364595.662,139189,585
1776364595.765,139518,585
1776364595.868,138915,585
1776364595.972,138313,585
1776364596.075,141341,585
1776364596.178,140456,585
1776364596.281,138587,585
1776364596.383,139518,585
1776364596.486,139854,585
1776364596.589,139518,585
1776364596.691,139518,585
1776364596.794,138587,585
1776364596.898,140922,585
1776364597.001,140313,585
1776364597.106,139711,585
1776364597.209,139711,585
1776364597.312,139985,585
1776364597.414,138445,585
1776364597.517,139375,585
1776364597.620,138773,585
1776364597.724,140922,585
1776364597.826,140586,585
1776364597.929,139711,585
1776364598.031,140313,585
1776364598.134,139985,585
1776364598.237,139047,585
1776364598.339,139375,585
1776364598.442,139375,585
1776364598.545,140586,585
1776364598.650,140586,585
1776364598.753,139985,585
1776364598.855,139375,585
1776364598.958,139711,585
1776364599.060,139047,585
1776364599.163,139711,585
1776364599.266,139047,585
1776364599.369,139985,585
1776364599.472,140922,585
1776364599.575,139189,585
1776364599.678,139711,585
1776364599.780,139047,585
1776364599.883,138773,585
1776364599.986,139375,585
1776364600.088,138445,585
1776364600.191,140586,585
1776364600.294,140922,585
1776364600.396,139985,585
1776364600.501,139047,585
1776364600.604,139711,585
1776364600.706,138171,585
1776364600.809,139375,585
1776364600.912,139375,585
1776364601.014,140313,585
1776364601.117,140586,585
1776364601.219,139985,585
1776364601.322,138773,585
1776364601.427,139985,585
1776364601.529,139711,585
1776364601.636,139711,585
1776364601.738,139711,585
1776364601.842,141196,585
1776364601.945,139985,585
1776364602.048,140586,585
1776364602.152,138773,585
1776364602.255,139375,585
1776364602.357,139375,585
1776364602.460,138773,585
1776364602.563,139375,585
1776364602.666,139985,585
1776364602.768,139711,585
1776364602.871,140586,585
1776364602.974,140313,585
1776364603.077,139711,585
1776364603.180,139375,585
1776364603.282,139047,585
1776364603.385,139375,585
1776364603.488,142736,585
1776364603.591,140922,585
1776364603.693,139985,585
1776364603.796,139375,585
1776364603.900,139985,585
1776364604.003,138445,585
1776364604.106,139711,585
1776364604.208,142736,585
1776364604.311,140922,585
1776364604.414,139985,585
1776364604.516,139711,585
1776364604.619,139047,585
1776364604.722,139375,585
1776364604.824,139711,585
1776364604.928,138171,585
1776364605.030,141853,585
1776364605.133,140922,585
1776364605.235,140313,585
1776364605.338,139985,585
1776364605.441,139985,585
1776364605.543,139711,585
1776364605.646,139711,585
1776364605.749,138445,585
1776364605.852,142736,585
1776364605.956,142462,585
1776364606.062,141196,585
1776364606.164,139985,585
1776364606.267,139375,585
1776364606.370,138445,585
1776364606.472,139375,585
1776364606.575,138773,585
1776364606.678,138171,585
1776364606.781,142126,585
1776364606.884,140586,585
1776364606.986,139047,585
1776364607.089,139375,585
1776364607.191,139375,585
1776364607.294,139047,585
1776364607.397,139375,585
1776364607.500,139375,585
1776364607.603,141196,585
1776364607.706,140922,585
1776364607.809,140313,585
1776364607.912,140313,585
1776364608.015,139711,585
1776364608.117,138773,585
1776364608.220,139375,585
1776364608.323,140586,585
1776364608.426,140922,585
1776364608.529,140313,585
1776364608.632,140128,585
1776364608.735,140128,585
1776364608.838,138171,585
1776364608.940,139375,585
1776364609.043,139711,585
1776364609.146,141196,585
1776364609.248,140922,585
1776364609.351,140922,585
1776364609.454,139985,585
1776364609.558,139711,585
1776364609.661,138445,585
1776364609.763,139375,585
1776364609.866,139711,585
1776364609.969,138171,585
1776364610.072,142126,585
1776364610.174,141196,585
1776364610.277,139047,585
1776364610.380,139854,585
1776364610.487,139854,585
1776364610.590,139189,585
1776364610.692,139518,585
1776364610.795,139518,585
1776364610.898,140456,585
1776364611.000,140874,585
1776364611.103,140874,585
1776364611.206,139057,585
1776364611.309,139997,585
1776364611.412,139331,585
1776364611.514,139331,585
1776364611.617,139057,585
1776364611.720,138454,585
1776364611.822,140271,585
1776364611.926,141814,585
1776364612.029,139331,585
1776364612.132,139997,585
1776364612.234,139997,585
1776364612.337,138454,585
1776364612.440,139331,585
1776364612.543,139331,585
1776364612.645,140271,585
1776364612.748,139997,585
1776364612.852,139331,585
1776364612.955,139331,585
1776364613.058,138728,585
1776364613.161,139057,585
1776364613.263,139331,585
1776364613.366,139997,585
1776364613.469,139997,585
1776364613.571,139997,585
1776364613.674,139660,585
1776364613.777,139331,585
1776364613.879,139331,585
1776364613.982,138454,585
1776364614.086,139997,585
1776364614.189,141211,585
1776364614.292,140271,585
1776364614.394,139660,585
1776364614.497,139331,585
1776364614.600,139057,585
1776364614.703,139660,585
1776364614.806,139997,585
1776364614.909,139660,585
1776364615.016,141211,585
1776364615.118,140874,585
1776364615.221,139660,585
1776364615.324,140600,585
1776364615.427,138454,585
1776364615.529,138728,585
1776364615.632,138728,585
1776364615.735,139331,585
1776364615.838,139331,585
1776364615.940,141485,585
1776364616.043,141485,585
1776364616.146,140271,585
1776364616.248,139660,585
1776364616.351,139057,585
1776364616.454,139057,585
1776364616.557,139660,585
1776364616.660,138117,585
1776364616.763,141485,585
1776364616.866,140874,585
1776364616.969,140271,585
1776364617.071,140874,585
1776364617.174,140271,585
1776364617.277,139331,585
1776364617.380,139331,585
1776364617.482,142143,585
1776364617.585,141669,585
1776364617.689,140456,585
1776364617.792,140128,585
1776364617.894,139854,585
1776364617.997,138587,585
1776364618.100,139189,585
1776364618.202,139518,585
1776364618.305,138587,585
1776364618.408,141669,585
1776364618.511,141998,585
1776364618.613,139518,585
1776364618.716,140128,585
1776364618.819,139854,585
1776364618.922,139189,585
1776364619.024,139189,585
1776364619.127,139518,585
1776364619.230,140456,585
1776364619.332,141067,585
1776364619.435,140128,585
1776364619.538,139854,585
1776364619.648,139518,585
1776364619.750,139854,585
1776364619.853,138915,585
1776364619.956,139189,585
1776364620.059,139189,585
1776364620.161,140128,585
1776364620.264,140730,585
1776364620.369,140456,585
1776364620.472,138915,585
1776364620.575,139518,585
1776364620.677,138313,585
1776364620.781,139854,585
1776364620.883,141067,585
1776364620.986,141524,585
1776364621.089,140313,585
1776364621.192,139985,585
1776364621.296,138773,585
1776364621.399,139711,585
1776364621.502,139047,585
1776364621.605,139375,585
1776364621.709,141853,585
1776364621.813,139047,585
1776364621.915,139841,585
1776364622.018,139985,585
1776364622.121,138631,585
1776364622.224,138631,585
1776364622.327,138773,585
1776364622.430,141524,585
1776364622.532,140922,585
1776364622.635,140169,585
1776364622.738,139375,585
1776364622.841,140313,585
1776364622.943,139375,585
1776364623.046,139985,585
1776364623.149,139985,585
1776364623.253,139711,585
1776364623.356,140586,585
1776364623.459,140778,585
1776364623.561,139985,585
1776364623.664,139985,585
1776364623.767,139375,585
1776364623.869,139711,585
1776364623.972,139985,585
1776364624.082,138445,585
1776364624.185,139985,585
1776364624.288,140169,585
1776364624.390,139985,585
1776364624.493,139711,585
1776364624.596,139841,585
1776364624.698,138171,585
1776364624.801,139985,585
1776364624.906,139985,585
1776364625.008,141052,585
1776364625.111,141196,585
1776364625.214,140313,585
1776364625.317,139375,585
1776364625.420,139375,585
1776364625.523,139711,585
1776364625.625,139375,585
1776364625.728,142736,585
1776364625.831,142316,585
1776364625.934,139711,585
1776364626.037,139841,585
1776364626.139,139375,585
1776364626.242,138773,585
1776364626.345,139375,585
1776364626.448,141853,585
1776364626.551,141524,585
1776364626.653,140169,585
1776364626.756,139375,585
1776364626.860,140586,585
1776364626.963,139047,585
1776364627.066,139047,585
1776364627.168,139985,585
1776364627.271,139047,585
1776364627.374,141196,585
1776364627.477,140922,585
1776364627.579,140169,585
1776364627.682,139985,585
1776364627.787,139985,585
1776364627.889,139047,585
1776364627.992,138904,585
1776364628.095,139711,585
1776364628.198,139047,585
1776364628.300,140922,585
1776364628.403,141196,585
1776364628.511,139047,585
1776364628.614,139711,585
1776364628.716,139711,585
1776364628.819,138171,585
1776364628.922,140313,585
1776364629.024,139375,585
1776364629.127,141196,585
1776364629.230,139985,585
1776364629.333,140313,585
1776364629.437,139841,585
1776364629.539,139568,585
1776364629.643,138773,585
1776364629.745,139711,585
1776364629.848,139375,585
1776364629.951,138303,585
1776364630.053,140922,585
1776364630.156,140586,585
1776364630.259,139047,585
1776364630.362,139985,585
1776364630.465,139711,585
1776364630.567,139711,585
1776364630.670,138773,585
1776364630.773,141524,585
1776364630.876,140586,585
1776364630.978,140586,585
1776364631.081,139375,585
1776364631.184,139047,585
1776364631.287,139375,585
1776364631.389,138773,585
1776364631.492,141196,585
1776364631.595,141853,585
1776364631.697,139711,585
1776364631.800,139711,585
1776364631.903,138773,585
1776364632.005,139711,585
1776364632.108,139375,585
1776364632.211,138445,585
1776364632.315,140922,585
1776364632.418,141853,585
1776364632.520,140586,585
1776364632.623,139711,585
1776364632.725,139985,585
1776364632.828,139985,585
1776364632.931,139711,585
1776364633.039,139375,585
1776364633.141,139375,585
1776364633.244,141853,585
1776364633.346,140313,585
1776364633.449,139047,585
1776364633.552,140313,585
1776364633.654,140456,585
1776364633.757,139854,585
1776364633.860,139854,585
1776364633.963,137976,585
1776364634.066,141998,585
1776364634.169,141669,585
1776364634.271,139189,585
1776364634.374,140128,585
1776364634.477,139518,585
1776364634.579,138915,585
1776364634.682,139518,585
1776364634.785,139189,585
1776364634.888,141998,585
1776364634.991,141341,585
1776364635.094,140456,585
1776364635.197,139518,585
1776364635.300,139518,585
1776364635.403,139518,585
1776364635.506,139854,585
1776364635.608,139518,585
1776364635.711,141998,585
1776364635.814,141067,585
1776364635.917,140128,585
1776364636.020,140128,585
1776364636.123,139854,585
1776364636.226,138587,585
1776364636.328,139518,585
1776364636.431,138587,585
1776364636.534,141669,585
1776364636.636,140456,585
1776364636.739,140456,585
1776364636.843,140128,585
1776364636.946,140456,585
1776364637.048,138587,585
1776364637.151,139189,585
1776364637.254,138587,585
1776364637.357,140456,585
1776364637.462,141669,585
1776364637.565,140128,585
1776364637.668,139189,585
1776364637.771,139518,585
1776364637.873,138915,585
1776364637.976,139189,585
1776364638.079,139854,585
1776364638.181,139518,585
1776364638.284,141669,585
1776364638.387,141067,585
1776364638.490,140128,585
1776364638.593,139189,585
1776364638.696,139189,585
1776364638.799,137976,585
1776364638.902,139189,585
1776364639.004,138915,585
1776364639.107,141341,585
1776364639.210,141067,585
1776364639.312,139331,585
1776364639.415,139189,585
1776364639.519,139518,585
1776364639.622,139057,585
1776364639.725,139189,585
1776364639.828,138728,585
1776364639.931,140600,585
1776364640.033,140456,585
1776364640.136,139057,585
1776364640.238,139331,585
1776364640.341,139997,585
1776364640.445,138117,585
1776364640.549,139518,585
1776364640.652,139660,585
1776364640.755,139660,585
1776364640.858,139997,585
1776364640.961,139997,585
1776364641.064,138587,585
1776364641.167,139660,585
1776364641.271,138454,585
1776364641.374,139057,585
1776364641.476,139660,585
1776364641.579,140874,585
1776364641.682,140600,585
1776364641.787,140600,585
1776364641.890,138728,585
1776364641.993,139518,585
1776364642.096,138587,585
1776364642.199,139189,585
1776364642.302,139518,585
1776364642.404,141998,585
1776364642.511,140313,585
1776364642.614,139985,585
1776364642.718,139189,585
1776364642.821,139854,585
1776364642.924,140128,585
1776364643.026,138915,585
1776364643.129,140128,585
1776364643.232,141998,585
1776364643.335,141067,585
1776364643.437,140456,585
1776364643.540,139854,585
1776364643.643,138587,585
1776364643.747,139518,585
1776364643.850,139518,585
1776364643.953,141998,585
1776364644.055,141067,585
1776364644.158,140456,585
1776364644.260,140128,585
1776364644.363,138915,585
1776364644.466,139518,585
1776364644.569,139518,585
1776364644.672,138915,585
1776364644.775,142608,585
1776364644.877,140730,585
1776364644.980,139518,585
1776364645.083,139711,585
1776364645.185,139985,585
1776364645.288,138773,585
1776364645.391,139375,585
1776364645.494,138773,585
1776364645.598,141853,585
1776364645.701,141853,585
1776364645.804,139985,585
1776364645.906,139047,585
1776364646.009,140442,585
1776364646.115,138303,585
1776364646.218,139232,585
1776364646.321,139568,585
1776364646.424,138631,585
1776364646.526,141981,585
1776364646.629,141052,585
1776364646.732,140169,585
1776364646.834,139568,585
1776364646.938,139985,585
1776364647.040,139375,585
1776364647.143,139375,585
1776364647.246,139232,585
1776364647.349,138171,585
1776364647.452,140922,585
1776364647.555,140586,585
1776364647.658,139047,585
1776364647.760,140313,585
1776364647.863,139985,585
1776364647.966,138445,585
1776364648.068,139047,585
1776364648.171,138445,585
1776364648.275,141052,585
1776364648.379,140313,585
1776364648.482,138445,585
1776364648.584,139047,585
1776364648.687,139047,585
1776364648.790,138773,585
1776364648.892,139047,585
1776364648.995,138631,585
1776364649.098,141524,585
1776364649.201,140586,585
1776364649.304,138773,585
1776364649.407,138773,585
1776364649.510,139985,585
1776364649.613,139711,585
1776364649.715,139985,585
1776364649.818,138445,585
1776364649.921,139568,585
1776364650.024,139985,585
1776364650.127,139711,585
1776364650.230,139711,585
1776364650.333,139841,585
1776364650.435,138631,585
1776364650.541,139375,585
1776364650.643,139711,585
1776364650.746,141052,585
1776364650.849,140922,585
1776364650.952,139985,585
1776364651.055,139375,585
1776364651.157,139232,585
1776364651.260,139375,585
1776364651.363,138445,585
1776364651.466,139711,585
1776364651.568,141196,585
1776364651.671,140922,585
1776364651.774,139985,585
1776364651.878,139711,585
1776364651.981,139375,585
1776364652.083,139047,585
1776364652.186,138445,585
1776364652.289,139375,585
1776364652.391,141707,585
1776364652.494,139568,585
1776364652.597,140313,585
1776364652.700,140586,585
1776364652.804,139711,585
1776364652.907,138171,585
1776364653.009,139375,585
1776364653.112,142462,585
1776364653.214,140586,585
1776364653.317,140922,585
1776364653.420,139985,585
1776364653.522,138773,585
1776364653.625,139375,585
1776364653.729,138171,585
1776364653.832,138773,585
1776364653.934,140922,585
1776364654.037,140313,585
1776364654.140,139841,585
1776364654.242,139232,585
1776364654.345,139232,585
1776364654.448,138171,585
1776364654.551,139047,585
1776364654.655,139375,585
1776364654.758,139985,585
1776364654.860,140922,585
1776364654.963,140313,585
1776364655.069,139985,585
1776364655.172,139711,585
1776364655.275,138171,585
1776364655.379,138904,585
1776364655.482,139047,585
1776364655.585,141196,585
1776364655.687,140586,585
1776364655.790,140313,585
1776364655.893,139047,585
1776364655.996,139375,585
1776364656.099,138171,585
1776364656.202,139375,585
1776364656.305,139985,585
1776364656.408,140922,585
1776364656.511,139711,585
1776364656.613,139375,585
1776364656.716,138445,585
1776364656.818,139711,585
1776364656.921,138171,585
1776364657.024,139711,585
1776364657.126,141524,585
1776364657.229,140586,585
1776364657.334,139375,585
1776364657.437,139047,585
1776364657.539,139711,585
1776364657.642,139047,585
1776364657.745,139047,585
1776364657.847,141853,585
1776364657.950,141196,585
1776364658.052,140730,585
1776364658.155,139518,585
1776364658.259,138915,585
1776364658.361,139518,585
1776364658.464,139518,585
1776364658.567,139518,585
1776364658.669,142882,585
1776364658.772,140730,585
1776364658.875,139518,585
1776364658.977,140456,585
1776364659.080,139518,585
1776364659.184,139518,585
1776364659.287,138915,585
1776364659.390,139854,585
1776364659.499,142608,585
1776364659.601,140456,585
1776364659.704,139854,585
1776364659.808,139518,585
1776364659.911,138915,585
1776364660.014,140128,585
1776364660.117,138915,585
1776364660.220,139189,585
1776364660.323,141998,585
1776364660.426,139854,585
1776364660.529,140456,585
1776364660.633,140128,585
1776364660.736,138587,585
1776364660.839,139518,585
1776364660.941,139189,585
1776364661.044,138313,585
1776364661.147,139189,585
1776364661.250,141067,585
1776364661.352,141067,585
1776364661.455,138587,585
1776364661.560,139854,585
1776364661.663,139518,585
1776364661.766,138587,585
1776364661.868,138915,585
1776364661.971,140730,585
1776364662.074,140128,585
1776364662.176,140271,585
1776364662.279,139997,585
1776364662.384,139660,585
1776364662.486,139660,585
1776364662.589,139057,585
1776364662.692,139660,585
1776364662.795,143028,585
1776364662.897,140271,585
1776364663.000,140271,585
1776364663.103,140600,585
1776364663.206,138454,585
1776364663.310,139057,585
1776364663.412,139997,585
1776364663.518,139997,585
1776364663.620,142417,585
1776364663.723,141211,585
1776364663.826,140271,585
1776364663.929,139997,585
1776364664.032,139660,585
1776364664.135,139057,585
1776364664.238,140271,585
1776364664.340,139997,585
1776364664.443,141211,585
1776364664.546,141211,585
1776364664.649,140600,585
1776364664.751,140600,585
1776364664.854,139331,585
1776364664.957,139660,585
1776364665.060,139660,585
1776364665.163,138117,585
1776364665.265,140874,585
1776364665.368,142143,585
1776364665.471,140600,585
1776364665.573,139660,585
1776364665.676,140271,585
1776364665.779,139057,585
1776364665.882,139331,585
1776364665.986,138454,585
1776364666.088,140874,585
1776364666.191,141485,585
1776364666.294,139997,585
1776364666.397,139997,585
1776364666.499,139997,585
1776364666.602,139057,585
1776364666.705,139331,585
1776364666.807,139189,585
1776364666.912,141067,585
1776364667.015,141067,585
1776364667.117,141067,585
1776364667.220,139854,585
1776364667.323,139854,585
1776364667.425,140456,585
1776364667.528,139189,585
1776364667.630,139518,585
1776364667.733,139518,585
1776364667.836,140456,585
1776364667.939,140456,585
1776364668.042,140730,585
1776364668.148,139189,585
1776364668.251,139854,585
1776364668.354,139189,585
1776364668.457,139189,585
1776364668.560,139518,585
1776364668.663,138587,585
1776364668.766,140313,585
1776364668.869,139711,585
1776364668.971,138773,585
1776364669.074,140586,585
1776364669.177,139985,585
1776364669.279,138773,585
1776364669.382,139375,585
1776364669.485,139047,585
1776364669.588,141196,585
1776364669.691,140586,585
1776364669.794,140313,585
1776364669.896,139047,585
1776364669.999,139711,585
1776364670.102,138445,585
1776364670.205,139375,585
1776364670.308,138445,585
1776364670.411,140922,585
1776364670.514,140922,585
1776364670.617,139375,585
1776364670.720,139711,585
1776364670.823,139985,585
1776364670.925,139375,585
1776364671.028,139047,585
1776364671.131,138773,585
1776364671.234,141052,585
1776364671.337,140922,585
1776364671.440,140313,585
1776364671.543,139711,585
1776364671.646,139375,585
1776364671.748,138445,585
1776364671.851,139985,585
1776364671.954,141052,585
1776364672.057,141196,585
1776364672.159,139375,585
1776364672.263,139985,585
1776364672.366,139047,585
1776364672.472,139375,585
1776364672.574,139047,585
1776364672.677,138904,585
1776364672.780,139841,585
1776364672.883,140778,585
1776364672.985,140586,585
1776364673.090,140313,585
1776364673.193,139375,585
1776364673.296,139375,585
1776364673.399,140313,585
1776364673.502,138171,585
1776364673.604,139375,585
1776364673.707,142462,585
1776364673.810,140586,585
1776364673.913,139841,585
1776364674.016,139711,585
1776364674.119,138445,585
1776364674.222,139568,585
1776364674.324,139985,585
1776364674.427,139375,585
1776364674.530,141981,585
1776364674.633,140313,585
1776364674.737,139985,585
1776364674.840,139841,585
1776364674.943,138445,585
1776364675.045,139711,585
1776364675.148,139232,585
1776364675.251,138445,585
1776364675.353,140313,585
1776364675.456,140922,585
1776364675.559,139047,585
1776364675.661,139047,585
1776364675.764,139985,585
1776364675.868,138773,585
1776364675.971,139375,585
1776364676.074,138171,585
1776364676.176,141524,585
1776364676.279,141379,585
1776364676.382,141196,585
1776364676.484,139375,585
1776364676.587,139711,585
1776364676.690,138631,585
1776364676.797,139711,585
1776364676.900,139985,585
1776364677.003,138773,585
1776364677.106,141853,585
1776364677.209,140313,585
1776364677.313,139375,585
1776364677.417,139985,585
1776364677.520,139985,585
1776364677.623,138445,585
1776364677.726,139375,585
1776364677.829,139711,585
1776364677.931,140313,585
1776364678.034,140922,585
1776364678.137,140586,585
1776364678.240,139047,585
1776364678.343,139985,585
1776364678.446,139985,585
1776364678.549,139711,585
1776364678.651,139711,585
1776364678.754,138445,585
1776364678.857,140313,585
1776364678.960,140922,585
1776364679.063,139711,585
1776364679.166,139375,585
1776364679.269,138171,585
1776364679.372,138773,585
1776364679.475,139985,585
1776364679.577,142126,585
1776364679.680,140313,585
1776364679.783,139711,585
1776364679.885,138773,585
1776364679.988,139047,585
1776364680.091,139711,585
1776364680.195,138773,585
1776364680.298,139047,585
1776364680.401,141853,585
1776364680.503,140922,585
1776364680.606,139985,585
1776364680.709,140313,585
1776364680.811,139985,585
1776364680.914,139711,585
1776364681.017,138773,585
1776364681.124,139047,585
1776364681.227,143338,585
1776364681.330,139711,585
1776364681.432,139711,585
1776364681.535,139985,585
1776364681.638,139047,585
1776364681.741,139375,585
1776364681.845,139047,585
1776364681.948,139711,585
1776364682.051,140922,585
1776364682.153,141196,585
1776364682.256,139711,585
1776364682.359,139711,585
1776364682.461,139985,585
1776364682.564,139047,585
1776364682.667,139375,585
1776364682.771,138445,585
1776364682.873,140730,585
1776364682.976,141341,585
1776364683.079,141341,585
1776364683.181,139189,585
1776364683.284,139189,585
1776364683.387,139189,585
1776364683.490,139189,585
1776364683.593,138587,585
1776364683.696,142608,585
1776364683.798,141341,585
1776364683.901,139854,585
1776364684.004,139854,585
1776364684.106,139854,585
1776364684.209,139518,585
1776364684.312,139189,585
1776364684.415,138587,585
1776364684.517,142882,585
1776364684.621,142272,585
1776364684.724,139189,585
1776364684.826,140128,585
1776364684.929,139854,585
1776364685.032,138587,585
1776364685.134,139189,585
1776364685.237,139518,585
1776364685.340,141669,585
1776364685.442,141341,585
1776364685.547,140730,585
1776364685.654,138915,585
1776364685.757,140128,585
1776364685.859,139854,585
1776364685.962,139518,585
1776364686.065,139189,585
1776364686.168,138915,585
1776364686.271,141067,585
1776364686.375,141341,585
1776364686.478,140730,585
1776364686.581,140128,585
1776364686.683,139518,585
1776364686.786,138313,585
1776364686.889,139189,585
1776364686.992,139518,585
1776364687.094,141669,585
1776364687.197,141067,585
1776364687.301,141067,585
1776364687.404,139189,585
1776364687.507,139189,585
1776364687.609,138454,585
1776364687.712,139189,585
1776364687.815,138454,585
1776364687.918,140128,585
1776364688.020,139854,585
1776364688.123,138915,585
1776364688.226,139854,585
1776364688.329,138587,585
1776364688.432,139518,585
1776364688.535,140128,585
1776364688.637,139997,585
1776364688.740,139997,585
1776364688.843,140128,585
1776364688.945,139189,585
1776364689.048,139518,585
1776364689.151,139189,585
1776364689.254,138915,585
1776364689.357,142608,585
1776364689.460,141341,585
1776364689.562,139660,585
1776364689.665,139997,585
1776364689.768,139711,585
1776364689.871,139375,585
1776364689.973,139518,585
1776364690.076,138313,585
1776364690.179,140730,585
1776364690.281,141067,585
1776364690.391,140730,585
1776364690.494,140456,585
1776364690.596,140128,585
1776364690.699,138915,585
1776364690.802,139518,585
1776364690.905,139189,585
1776364691.008,138313,585
1776364691.113,141341,585
1776364691.215,140456,585
1776364691.318,139189,585
1776364691.421,140128,585
1776364691.524,140128,585
1776364691.626,139189,585
1776364691.729,139189,585
1776364691.832,138915,585
1776364691.934,141067,585
1776364692.037,141341,585
1776364692.141,140128,585
1776364692.243,139518,585
1776364692.346,140128,585
1776364692.449,138587,585
1776364692.552,139854,585
1776364692.654,140313,585
1776364692.757,140313,585
1776364692.860,139375,585
1776364692.962,139375,585
1776364693.066,139985,585
1776364693.168,138773,585
1776364693.271,139375,585
1776364693.374,139985,585
1776364693.476,141524,585
1776364693.579,140778,585
1776364693.682,139568,585
1776364693.785,139232,585
1776364693.887,139841,585
1776364693.991,139841,585
1776364694.095,139232,585
1776364694.197,139232,585
1776364694.300,141196,585
1776364694.403,140922,585
1776364694.506,140313,585
1776364694.608,138445,585
1776364694.711,139047,585
1776364694.819,139047,585
1776364694.921,139841,585
1776364695.024,139985,585
1776364695.127,140442,585
1776364695.230,140313,585
1776364695.333,139568,585
1776364695.437,138631,585
1776364695.541,140313,585
1776364695.645,139375,585
1776364695.748,139047,585
1776364695.850,139711,585
1776364695.953,139711,585
1776364696.056,140313,585
1776364696.159,139985,585
1776364696.261,139985,585
1776364696.364,139711,585
1776364696.467,139375,585
1776364696.570,139047,585
1776364696.673,139711,585
1776364696.775,140586,585
1776364696.879,140169,585
1776364696.982,138445,585
1776364697.084,138904,585
1776364697.187,138030,585
1776364697.289,139375,585
1776364697.392,141379,585
1776364697.496,141524,585
1776364697.599,139375,585
1776364697.702,140313,585
1776364697.804,139985,585
1776364697.907,139375,585
1776364698.009,139047,585
1776364698.112,138171,585
1776364698.215,140922,585
1776364698.317,141524,585
1776364698.420,139375,585
1776364698.523,140313,585
1776364698.626,139841,585
1776364698.729,139047,585
1776364698.831,138773,585
1776364698.934,138303,585
1776364699.036,139711,585
1776364699.139,141853,585
1776364699.245,140778,585
1776364699.348,139985,585
1776364699.451,140313,585
1776364699.554,138773,585
1776364699.657,139047,585
1776364699.760,139375,585
1776364699.863,138445,585
1776364699.965,141524,585
1776364700.068,141853,585
1776364700.171,139375,585
1776364700.274,139375,585
1776364700.376,139711,585
1776364700.479,138773,585
1776364700.582,139047,585
1776364700.685,139711,585
1776364700.787,141379,585
1776364700.890,141853,585
1776364700.992,140778,585
1776364701.095,139047,585
1776364701.200,139711,585
1776364701.302,139711,585
1776364701.405,139047,585
1776364701.509,139047,585
1776364701.611,140313,585
1776364701.714,140922,585
1776364701.816,139375,585
1776364701.919,140313,585
1776364702.022,139841,585
1776364702.125,138445,585
1776364702.228,139375,585
1776364702.330,139985,585
1776364702.433,137694,585
1776364702.537,141196,585
1776364702.640,140586,585
1776364702.743,139047,585
1776364702.845,139985,585
1776364702.948,139375,585
1776364703.051,139375,585
1776364703.154,139711,585
1776364703.256,138773,585
1776364703.360,140586,585
1776364703.463,141196,585
1776364703.565,140922,585
1776364703.671,139047,585
1776364703.776,139711,585
1776364703.878,137835,585
1776364703.981,139375,585
1776364704.084,138773,585
1776364704.186,139375,585
1776364704.290,140922,585
1776364704.392,140313,585
1776364704.495,138773,585
1776364704.598,139711,585
1776364704.702,139375,585
1776364704.804,139375,585
1776364704.907,139711,585
1776364705.010,139375,585
1776364705.112,139711,585
1776364705.215,140313,585
1776364705.318,139985,585
1776364705.420,139375,585
1776364705.523,139375,585
1776364705.627,139375,585
1776364705.730,139047,585
1776364705.833,142272,585
1776364705.936,139854,585
1776364706.038,140128,585
1776364706.141,140456,585
1776364706.243,139189,585
1776364706.346,139854,585
1776364706.449,138313,585
1776364706.552,139189,585
1776364706.654,141998,585
1776364706.757,141669,585
1776364706.860,139854,585
1776364706.962,139518,585
1776364707.065,139189,585
1776364707.168,139854,585
1776364707.270,139518,585
1776364707.373,138313,585
1776364707.476,141998,585
1776364707.580,141067,585
1776364707.683,139518,585
1776364707.785,139854,585
1776364707.888,139189,585
1776364707.991,139854,585
1776364708.093,139518,585
